experiment_key,Accuracy,Precision,Recall,F1_Score
SKAB_seed_42_fold_1_LSTM_original,0.6773041731756304,0.7178571428571429,0.12818877551020408,0.21753246753246752
SKAB_seed_42_fold_1_GRU_original,0.6547645614818121,0.5660377358490566,0.05739795918367347,0.10422698320787492
SKAB_seed_42_fold_1_CNN1D_original,0.6239678643160009,0.4095826893353941,0.1690051020408163,0.23927765237020315
SKAB_seed_42_fold_1_Automata_original,0.6555951850200624,0.3142857142857143,0.007180156657963447,0.014039566049776643
SKAB_seed_42_fold_1_LSTM_noisy,0.6534255746485159,0.5414364640883977,0.0625,0.11206403659233848
SKAB_seed_42_fold_1_GRU_noisy,0.6346797589823701,0.3028571428571429,0.03380102040816327,0.060814687320711415
SKAB_seed_42_fold_1_CNN1D_noisy,0.5650524436509707,0.3162970106075217,0.20918367346938777,0.25182341650671786
SKAB_seed_42_fold_1_Automata_noisy,0.6562639322336157,0.2916666666666667,0.0045691906005221935,0.008997429305912597
SKAB_seed_42_fold_1_Automata_unseen,0.6555951850200624,0.3142857142857143,0.007180156657963447,0.014039566049776643
SKAB_seed_42_fold_2_LSTM_original,0.6533244385145652,0.5234375,0.1274571972098922,0.20499745028046915
SKAB_seed_42_fold_2_GRU_original,0.7000222370469201,0.6972318339100346,0.25554850982878885,0.3740139211136891
SKAB_seed_42_fold_2_CNN1D_original,0.7200355792750722,0.6409574468085106,0.4584654407102093,0.5345656192236599
SKAB_seed_42_fold_2_Automata_original,0.6532652154597957,0.08333333333333333,0.0012978585334198572,0.0025559105431309905
SKAB_seed_42_fold_2_LSTM_noisy,0.6849010451412052,0.6777777777777778,0.19340519974635384,0.30093734583127774
SKAB_seed_42_fold_2_GRU_noisy,0.66711140760507,0.6176470588235294,0.13316423589093215,0.2190923317683881
SKAB_seed_42_fold_2_CNN1D_noisy,0.7124749833222148,0.5850299401197605,0.6195307545973368,0.6017862642439175
SKAB_seed_42_fold_2_Automata_noisy,0.6497112394491337,0.2631578947368421,0.012978585334198572,0.024737167594310452
SKAB_seed_42_fold_2_Automata_unseen,0.6532652154597957,0.08333333333333333,0.0012978585334198572,0.0025559105431309905
SKAB_seed_42_fold_3_LSTM_original,0.5351267229879947,0.13924050632911392,0.05382262996941896,0.0776356418173798
SKAB_seed_42_fold_3_GRU_original,0.6082703423743886,0.1932367149758454,0.024464831804281346,0.04343105320304017
SKAB_seed_42_fold_3_CNN1D_original,0.5400177856825256,0.34183673469387754,0.2868501529051988,0.3119388094446292
SKAB_seed_42_fold_3_Automata_original,0.6382411725516323,0.32558139534883723,0.017510944340212633,0.03323442136498516
SKAB_seed_42_fold_3_LSTM_noisy,0.5235660293463762,0.2320675105485232,0.1345565749235474,0.17034456058846303
SKAB_seed_42_fold_3_GRU_noisy,0.5529124055135616,0.1328125,0.04159021406727829,0.06334420121099209
SKAB_seed_42_fold_3_CNN1D_noisy,0.561805246776345,0.3549222797927461,0.25137614678899084,0.29430719656283566
SKAB_seed_42_fold_3_Automata_noisy,0.6169220519653564,0.14204545454545456,0.015634771732332707,0.028169014084507043
SKAB_seed_42_fold_3_Automata_unseen,0.6382411725516323,0.32558139534883723,0.017510944340212633,0.03323442136498516
SKAB_seed_42_fold_4_LSTM_original,0.6724762335898596,0.7725947521865889,0.16217870257037945,0.2680829539706626
SKAB_seed_42_fold_4_GRU_original,0.6385242191036669,0.6868686868686869,0.0416156670746634,0.07847663012117714
SKAB_seed_42_fold_4_CNN1D_original,0.6586690810321413,0.6026058631921825,0.22643818849449204,0.3291814946619217
SKAB_seed_42_fold_4_Automata_original,0.6323762152385259,0.325,0.016270337922403004,0.03098927294398093
SKAB_seed_42_fold_4_LSTM_noisy,0.6600271616115889,0.7142857142857143,0.1346389228886169,0.22657054582904224
SKAB_seed_42_fold_4_GRU_noisy,0.6369397917609778,0.6013513513513513,0.05446756425948592,0.09988776655443322
SKAB_seed_42_fold_4_CNN1D_noisy,0.6102308736985061,0.4634551495016611,0.34149326805385555,0.39323467230443976
SKAB_seed_42_fold_4_Automata_noisy,0.6364458512321953,0.4264705882352941,0.018147684605757195,0.03481392557022809
SKAB_seed_42_fold_4_Automata_unseen,0.6323762152385259,0.325,0.016270337922403004,0.03098927294398093
SKAB_seed_42_fold_5_LSTM_original,0.6265166556364439,0.21787709497206703,0.024497487437185928,0.044042913608131
SKAB_seed_42_fold_5_GRU_original,0.6470328700639753,0.3888888888888889,0.008793969849246231,0.0171990171990172
SKAB_seed_42_fold_5_CNN1D_original,0.5993823075226119,0.09712230215827339,0.016959798994974875,0.028877005347593583
SKAB_seed_42_fold_5_Automata_original,0.6346408109299251,0.2838983050847458,0.043059125964010285,0.07477678571428571
SKAB_seed_42_fold_5_LSTM_noisy,0.6309287447606442,0.176,0.013819095477386936,0.0256260920209668
SKAB_seed_42_fold_5_GRU_noisy,0.6393117140966248,0.30275229357798167,0.0207286432160804,0.03880070546737213
SKAB_seed_42_fold_5_CNN1D_noisy,0.45643061989852196,0.24651162790697675,0.2663316582914573,0.2560386473429952
SKAB_seed_42_fold_5_Automata_noisy,0.6139268400176289,0.2878787878787879,0.08547557840616966,0.13181367690782952
SKAB_seed_42_fold_5_Automata_unseen,0.6346408109299251,0.2838983050847458,0.043059125964010285,0.07477678571428571
SKAB_seed_123_fold_1_LSTM_original,0.681990627092167,0.8149779735682819,0.11798469387755102,0.20612813370473537
SKAB_seed_123_fold_1_GRU_original,0.6520865878152198,0.5290322580645161,0.05229591836734694,0.09518282066163668
SKAB_seed_123_fold_1_CNN1D_original,0.664137469314885,0.6329113924050633,0.09566326530612244,0.16620498614958448
SKAB_seed_123_fold_1_Automata_original,0.6555951850200624,0.3142857142857143,0.007180156657963447,0.014039566049776643
SKAB_seed_123_fold_1_LSTM_noisy,0.6643606337871011,0.625,0.10204081632653061,0.17543859649122806
SKAB_seed_123_fold_1_GRU_noisy,0.6612363311760767,0.6059322033898306,0.09119897959183673,0.15853658536585366
SKAB_seed_123_fold_1_CNN1D_noisy,0.6261995090381611,0.4115702479338843,0.15880102040816327,0.2291762540266912
SKAB_seed_123_fold_1_Automata_noisy,0.6560410164957646,0.2962962962962963,0.005221932114882507,0.010262989095574085
SKAB_seed_123_fold_1_Automata_unseen,0.6555951850200624,0.3142857142857143,0.007180156657963447,0.014039566049776643
SKAB_seed_123_fold_2_LSTM_original,0.6522125861685568,0.5152224824355972,0.13950538998097653,0.21956087824351297
SKAB_seed_123_fold_2_GRU_original,0.6248610184567489,0.3463687150837989,0.07863031071655041,0.1281653746770026
SKAB_seed_123_fold_2_CNN1D_original,0.7020235712697354,0.8246575342465754,0.19086873811033608,0.309989701338826
SKAB_seed_123_fold_2_Automata_original,0.6532652154597957,0.08333333333333333,0.0012978585334198572,0.0025559105431309905
SKAB_seed_123_fold_2_LSTM_noisy,0.6544362908605738,0.5347432024169184,0.11223842739378567,0.18553459119496854
SKAB_seed_123_fold_2_GRU_noisy,0.6771180787191461,0.6984126984126984,0.13950538998097653,0.23255813953488372
SKAB_seed_123_fold_2_CNN1D_noisy,0.7342672893039804,0.9263392857142857,0.2631578947368421,0.40987654320987654
SKAB_seed_123_fold_2_Automata_noisy,0.6494891159484674,0.25333333333333335,0.012329656067488644,0.023514851485148515
SKAB_seed_123_fold_2_Automata_unseen,0.6532652154597957,0.08333333333333333,0.0012978585334198572,0.0025559105431309905
SKAB_seed_123_fold_3_LSTM_original,0.5666963094708759,0.15869565217391304,0.044648318042813454,0.06968973747016706
SKAB_seed_123_fold_3_GRU_original,0.5706980880391285,0.12051282051282051,0.02874617737003058,0.046419753086419754
SKAB_seed_123_fold_3_CNN1D_original,0.5595820364606492,0.3629160063391442,0.2801223241590214,0.3161891612012427
SKAB_seed_123_fold_3_Automata_original,0.6382411725516323,0.32558139534883723,0.017510944340212633,0.03323442136498516
SKAB_seed_123_fold_3_LSTM_noisy,0.5344597598932859,0.24184476940382452,0.13149847094801223,0.17036450079239301
SKAB_seed_123_fold_3_GRU_noisy,0.551578479324144,0.1848184818481848,0.06850152905198777,0.0999553770638108
SKAB_seed_123_fold_3_CNN1D_noisy,0.5620275678079146,0.3537117903930131,0.24770642201834864,0.29136690647482016
SKAB_seed_123_fold_3_Automata_noisy,0.6326893182322896,0.23300970873786409,0.0150093808630394,0.0282021151586369
SKAB_seed_123_fold_3_Automata_unseen,0.6382411725516323,0.32558139534883723,0.017510944340212633,0.03323442136498516
SKAB_seed_123_fold_4_LSTM_original,0.6622906292440018,0.7709923664122137,0.12362301101591187,0.21308016877637131
SKAB_seed_123_fold_4_GRU_original,0.633091896785876,0.5546218487394958,0.04039167686658507,0.07529948659440959
SKAB_seed_123_fold_4_CNN1D_original,0.6568583069262109,0.6328828828828829,0.17197062423500611,0.27045235803657364
SKAB_seed_123_fold_4_Automata_original,0.6323762152385259,0.325,0.016270337922403004,0.03098927294398093
SKAB_seed_123_fold_4_LSTM_noisy,0.6842462652784065,0.8025316455696202,0.19400244798041616,0.31246919664859535
SKAB_seed_123_fold_4_GRU_noisy,0.6263014938886374,0.4429530201342282,0.04039167686658507,0.07403252944475602
SKAB_seed_123_fold_4_CNN1D_noisy,0.6867360796740607,0.7693965517241379,0.21848225214198286,0.340324118207817
SKAB_seed_123_fold_4_Automata_noisy,0.6353153967895094,0.38095238095238093,0.015018773466833541,0.028898254063816978
SKAB_seed_123_fold_4_Automata_unseen,0.6323762152385259,0.325,0.016270337922403004,0.03098927294398093
SKAB_seed_123_fold_5_LSTM_original,0.6304875358482241,0.273224043715847,0.031407035175879394,0.056338028169014086
SKAB_seed_123_fold_5_GRU_original,0.6408559452900948,0.14,0.0043969849246231155,0.008526187576126675
SKAB_seed_123_fold_5_CNN1D_original,0.6243106110743437,0.22660098522167488,0.028894472361809045,0.05125348189415042
SKAB_seed_123_fold_5_Automata_original,0.6346408109299251,0.2838983050847458,0.043059125964010285,0.07477678571428571
SKAB_seed_123_fold_5_LSTM_noisy,0.6377674829031547,0.345679012345679,0.035175879396984924,0.06385404789053592
SKAB_seed_123_fold_5_GRU_noisy,0.6060004412089124,0.17880794701986755,0.03391959798994975,0.057022175290390706
SKAB_seed_123_fold_5_CNN1D_noisy,0.5554820207368188,0.4079233783195472,0.5885678391959799,0.48187194651581383
SKAB_seed_123_fold_5_Automata_noisy,0.6024680475980608,0.28546712802768165,0.10604113110539845,0.15463917525773196
SKAB_seed_123_fold_5_Automata_unseen,0.6346408109299251,0.2838983050847458,0.043059125964010285,0.07477678571428571
SKAB_seed_2026_fold_1_LSTM_original,0.6668154429814773,0.7245508982035929,0.07716836734693877,0.13948126801152738
SKAB_seed_2026_fold_1_GRU_original,0.67284088373131,0.7236842105263158,0.10522959183673469,0.18374164810690424
SKAB_seed_2026_fold_1_CNN1D_original,0.6110243249274715,0.35864297253634897,0.14158163265306123,0.2030178326474623
SKAB_seed_2026_fold_1_Automata_original,0.6555951850200624,0.3142857142857143,0.007180156657963447,0.014039566049776643
SKAB_seed_2026_fold_1_LSTM_noisy,0.6429368444543628,0.3933333333333333,0.03762755102040816,0.06868451688009314
SKAB_seed_2026_fold_1_GRU_noisy,0.6380272260656104,0.392,0.0625,0.1078107810781078
SKAB_seed_2026_fold_1_CNN1D_noisy,0.5717473778174514,0.3623529411764706,0.29464285714285715,0.3250087935279634
SKAB_seed_2026_fold_1_Automata_noisy,0.6482389656709764,0.1891891891891892,0.009138381201044387,0.017434620174346202
SKAB_seed_2026_fold_1_Automata_unseen,0.6555951850200624,0.3142857142857143,0.007180156657963447,0.014039566049776643
SKAB_seed_2026_fold_2_LSTM_original,0.6653324438514565,0.5545454545454546,0.2320862396956246,0.32722396066160037
SKAB_seed_2026_fold_2_GRU_original,0.6504336224149433,0.5059952038369304,0.13379835129993659,0.21163490471414242
SKAB_seed_2026_fold_2_CNN1D_original,0.7551701134089392,0.9473684210526315,0.31959416613823716,0.4779516358463727
SKAB_seed_2026_fold_2_Automata_original,0.6532652154597957,0.08333333333333333,0.0012978585334198572,0.0025559105431309905
SKAB_seed_2026_fold_2_LSTM_noisy,0.7062486101845675,0.7591093117408907,0.23779327837666456,0.362143891839691
SKAB_seed_2026_fold_2_GRU_noisy,0.7082499444073826,0.7175697865353038,0.27710843373493976,0.39981701738334857
SKAB_seed_2026_fold_2_CNN1D_noisy,0.7098065376917946,0.6521252796420581,0.36968928344958785,0.47187373532982596
SKAB_seed_2026_fold_2_Automata_noisy,0.6486006219458018,0.2191780821917808,0.010382868267358857,0.01982651796778191
SKAB_seed_2026_fold_2_Automata_unseen,0.6532652154597957,0.08333333333333333,0.0012978585334198572,0.0025559105431309905
SKAB_seed_2026_fold_3_LSTM_original,0.5940417963539351,0.19292604501607716,0.03669724770642202,0.06166495375128469
SKAB_seed_2026_fold_3_GRU_original,0.5157847932414407,0.13557046979865772,0.0617737003058104,0.08487394957983194
SKAB_seed_2026_fold_3_CNN1D_original,0.5028901734104047,0.2631993695823483,0.20428134556574923,0.23002754820936638
SKAB_seed_2026_fold_3_Automata_original,0.6382411725516323,0.32558139534883723,0.017510944340212633,0.03323442136498516
SKAB_seed_2026_fold_3_LSTM_noisy,0.53223654957759,0.24315443592552027,0.13577981651376148,0.17425431711145997
SKAB_seed_2026_fold_3_GRU_noisy,0.5809248554913294,0.2693726937269373,0.08929663608562691,0.13412953605879652
SKAB_seed_2026_fold_3_CNN1D_noisy,0.5620275678079146,0.354978354978355,0.25076452599388377,0.2939068100358423
SKAB_seed_2026_fold_3_Automata_noisy,0.6309127248501,0.1941747572815534,0.012507817385866166,0.023501762632197415
SKAB_seed_2026_fold_3_Automata_unseen,0.6382411725516323,0.32558139534883723,0.017510944340212633,0.03323442136498516
SKAB_seed_2026_fold_4_LSTM_original,0.6392032593933906,0.6123595505617978,0.06670746634026928,0.12030905077262694
SKAB_seed_2026_fold_4_GRU_original,0.6797193300135808,0.8762886597938144,0.15605875152998777,0.2649350649350649
SKAB_seed_2026_fold_4_CNN1D_original,0.6274332277048438,0.375,0.011015911872705019,0.02140309155766944
SKAB_seed_2026_fold_4_Automata_original,0.6323762152385259,0.325,0.016270337922403004,0.03098927294398093
SKAB_seed_2026_fold_4_LSTM_noisy,0.6389769126301494,0.5802469135802469,0.08629130966952264,0.1502397442727757
SKAB_seed_2026_fold_4_GRU_noisy,0.6385242191036669,0.5703422053231939,0.09179926560587515,0.158144438587243
SKAB_seed_2026_fold_4_CNN1D_noisy,0.5964237211407877,0.4434320425208808,0.3574051407588739,0.39579803456455437
SKAB_seed_2026_fold_4_Automata_noisy,0.6368980330092697,0.41304347826086957,0.011889862327909888,0.023114355231143552
SKAB_seed_2026_fold_4_Automata_unseen,0.6323762152385259,0.325,0.016270337922403004,0.03098927294398093
SKAB_seed_2026_fold_5_LSTM_original,0.6468122656077653,0.4536082474226804,0.02763819095477387,0.05210183540556542
SKAB_seed_2026_fold_5_GRU_original,0.643723803220825,0.3230769230769231,0.013190954773869347,0.025347012673506336
SKAB_seed_2026_fold_5_CNN1D_original,0.499889697771895,0.2556118754525706,0.22173366834170855,0.23747056844937772
SKAB_seed_2026_fold_5_Automata_original,0.6346408109299251,0.2838983050847458,0.043059125964010285,0.07477678571428571
SKAB_seed_2026_fold_5_LSTM_noisy,0.6243106110743437,0.27710843373493976,0.04334170854271357,0.07495926127104835
SKAB_seed_2026_fold_5_GRU_noisy,0.6201191264063534,0.288961038961039,0.055904522613065326,0.09368421052631579
SKAB_seed_2026_fold_5_CNN1D_noisy,0.5409221266269578,0.17181208053691274,0.08040201005025126,0.10954214805305948
SKAB_seed_2026_fold_5_Automata_noisy,0.5996033494931688,0.2814070351758794,0.10796915167095116,0.15606130980027869
SKAB_seed_2026_fold_5_Automata_unseen,0.6346408109299251,0.2838983050847458,0.043059125964010285,0.07477678571428571
SKAB_seed_7_fold_1_LSTM_original,0.6565498772595403,0.5868263473053892,0.0625,0.11296829971181556
SKAB_seed_7_fold_1_GRU_original,0.6583351930372685,0.6010928961748634,0.07015306122448979,0.125642490005711
SKAB_seed_7_fold_1_CNN1D_original,0.6668154429814773,0.5609756097560976,0.22002551020408162,0.31607879065506184
SKAB_seed_7_fold_1_Automata_original,0.6555951850200624,0.3142857142857143,0.007180156657963447,0.014039566049776643
SKAB_seed_7_fold_1_LSTM_noisy,0.6511939299263557,0.5179856115107914,0.04591836734693878,0.0843585237258348
SKAB_seed_7_fold_1_GRU_noisy,0.6478464628431154,0.47058823529411764,0.05102040816326531,0.09205983889528194
SKAB_seed_7_fold_1_CNN1D_noisy,0.5612586476232984,0.3174311926605505,0.22066326530612246,0.26034612490594433
SKAB_seed_7_fold_1_Automata_noisy,0.654480606330807,0.15384615384615385,0.0026109660574412533,0.005134788189987163
SKAB_seed_7_fold_1_Automata_unseen,0.6555951850200624,0.3142857142857143,0.007180156657963447,0.014039566049776643
SKAB_seed_7_fold_2_LSTM_original,0.6882366021792305,0.6162018592297477,0.2942295497780596,0.3982832618025751
SKAB_seed_7_fold_2_GRU_original,0.6582165888370024,0.5512820512820513,0.13633481293595434,0.21860701576004068
SKAB_seed_7_fold_2_CNN1D_original,0.7622859684233934,0.9669117647058824,0.33354470513633483,0.495992456388496
SKAB_seed_7_fold_2_Automata_original,0.6532652154597957,0.08333333333333333,0.0012978585334198572,0.0025559105431309905
SKAB_seed_7_fold_2_LSTM_noisy,0.7013564598621304,0.703125,0.2568167406467977,0.3762192289828147
SKAB_seed_7_fold_2_GRU_noisy,0.6602179230598176,0.5878136200716846,0.10399492707672796,0.17672413793103448
SKAB_seed_7_fold_2_CNN1D_noisy,0.7207026906826773,1.0,0.20355104629042486,0.3382507903055848
SKAB_seed_7_fold_2_Automata_noisy,0.649266992447801,0.25,0.012329656067488644,0.02350030921459493
SKAB_seed_7_fold_2_Automata_unseen,0.6532652154597957,0.08333333333333333,0.0012978585334198572,0.0025559105431309905
SKAB_seed_7_fold_3_LSTM_original,0.5362383281458426,0.27382146439317956,0.1669724770642202,0.2074468085106383
SKAB_seed_7_fold_3_GRU_original,0.5382392174299688,0.11228070175438597,0.03914373088685015,0.058049886621315196
SKAB_seed_7_fold_3_CNN1D_original,0.49933303690529124,0.2465078060805259,0.1834862385321101,0.21037868162692847
SKAB_seed_7_fold_3_Automata_original,0.6382411725516323,0.32558139534883723,0.017510944340212633,0.03323442136498516
SKAB_seed_7_fold_3_LSTM_noisy,0.5971542907959093,0.2689295039164491,0.06299694189602446,0.10208126858275521
SKAB_seed_7_fold_3_GRU_noisy,0.533348154735438,0.22048192771084338,0.11192660550458716,0.1484787018255578
SKAB_seed_7_fold_3_CNN1D_noisy,0.5804802134281903,0.3987138263665595,0.3033639143730887,0.3445640847516499
SKAB_seed_7_fold_3_Automata_noisy,0.6253608705307573,0.18115942028985507,0.015634771732332707,0.028785261945883708
SKAB_seed_7_fold_3_Automata_unseen,0.6382411725516323,0.32558139534883723,0.017510944340212633,0.03323442136498516
SKAB_seed_7_fold_4_LSTM_original,0.687867813490267,0.8674351585014409,0.18421052631578946,0.303886925795053
SKAB_seed_7_fold_4_GRU_original,0.6797193300135808,0.9070631970260223,0.14932680538555693,0.256437204414083
SKAB_seed_7_fold_4_CNN1D_original,0.6917157084653689,0.930379746835443,0.1799265605875153,0.30153846153846153
SKAB_seed_7_fold_4_Automata_original,0.6323762152385259,0.325,0.016270337922403004,0.03098927294398093
SKAB_seed_7_fold_4_LSTM_noisy,0.6801720235400633,0.7946666666666666,0.18237454100367198,0.2966650074664012
SKAB_seed_7_fold_4_GRU_noisy,0.6315074694431869,0.514018691588785,0.06731946144430845,0.11904761904761904
SKAB_seed_7_fold_4_CNN1D_noisy,0.5873698506111362,0.3843329253365973,0.19216646266829865,0.2562219502243982
SKAB_seed_7_fold_4_Automata_noisy,0.6346371241238978,0.3548387096774194,0.01376720901126408,0.02650602409638554
SKAB_seed_7_fold_4_Automata_unseen,0.6323762152385259,0.325,0.016270337922403004,0.03098927294398093
SKAB_seed_7_fold_5_LSTM_original,0.628281491286124,0.2,0.019472361809045227,0.035489410417859184
SKAB_seed_7_fold_5_GRU_original,0.643061989852195,0.30303030303030304,0.01256281407035176,0.024125452352231604
SKAB_seed_7_fold_5_CNN1D_original,0.5327597617471873,0.2159827213822894,0.12562814070351758,0.15885623510722796
SKAB_seed_7_fold_5_Automata_original,0.6346408109299251,0.2838983050847458,0.043059125964010285,0.07477678571428571
SKAB_seed_7_fold_5_LSTM_noisy,0.6115155526141628,0.14042553191489363,0.0207286432160804,0.0361247947454844
SKAB_seed_7_fold_5_GRU_noisy,0.628060886829914,0.22988505747126436,0.02512562814070352,0.045300113250283124
SKAB_seed_7_fold_5_CNN1D_noisy,0.4529009485991617,0.3134453781512605,0.4685929648241206,0.3756294058408862
SKAB_seed_7_fold_5_Automata_noisy,0.618774790656677,0.2898550724637681,0.07712082262210797,0.1218274111675127
SKAB_seed_7_fold_5_Automata_unseen,0.6346408109299251,0.2838983050847458,0.043059125964010285,0.07477678571428571
SKAB_seed_999_fold_1_LSTM_original,0.6768578442311984,0.7702702702702703,0.1090561224489796,0.19106145251396647
SKAB_seed_999_fold_1_GRU_original,0.6748493639812542,0.7605633802816901,0.10331632653061225,0.18192026951151039
SKAB_seed_999_fold_1_CNN1D_original,0.6453916536487391,0.452914798206278,0.06441326530612244,0.11278615298715801
SKAB_seed_999_fold_1_Automata_original,0.6555951850200624,0.3142857142857143,0.007180156657963447,0.014039566049776643
SKAB_seed_999_fold_1_LSTM_noisy,0.6467306404820352,0.453416149068323,0.046556122448979595,0.08444187391555813
SKAB_seed_999_fold_1_GRU_noisy,0.6467306404820352,0.45454545454545453,0.04783163265306122,0.08655510675129832
SKAB_seed_999_fold_1_CNN1D_noisy,0.5596964963177862,0.3154056517775752,0.22066326530612246,0.25966228893058163
SKAB_seed_999_fold_1_Automata_noisy,0.6558181007579135,0.3235294117647059,0.007180156657963447,0.0140485312899106
SKAB_seed_999_fold_1_Automata_unseen,0.6555951850200624,0.3142857142857143,0.007180156657963447,0.014039566049776643
SKAB_seed_999_fold_2_LSTM_original,0.752501667778519,0.8012987012987013,0.39124920735573876,0.5257775884107371
SKAB_seed_999_fold_2_GRU_original,0.6326439848788081,0.40458015267175573,0.10082435003170577,0.16142131979695432
SKAB_seed_999_fold_2_CNN1D_original,0.7827440515899489,0.9823151125401929,0.3874445149017121,0.5557071396089132
SKAB_seed_999_fold_2_Automata_original,0.6532652154597957,0.08333333333333333,0.0012978585334198572,0.0025559105431309905
SKAB_seed_999_fold_2_LSTM_noisy,0.6804536357571714,0.6129032258064516,0.24096385542168675,0.3459262630860264
SKAB_seed_999_fold_2_GRU_noisy,0.6977985323549033,0.6656534954407295,0.2777425491439442,0.3919463087248322
SKAB_seed_999_fold_2_CNN1D_noisy,0.7456081832332666,0.9758241758241758,0.28154724159797084,0.43700787401574803
SKAB_seed_999_fold_2_Automata_noisy,0.6486006219458018,0.2191780821917808,0.010382868267358857,0.01982651796778191
SKAB_seed_999_fold_2_Automata_unseen,0.6532652154597957,0.08333333333333333,0.0012978585334198572,0.0025559105431309905
SKAB_seed_999_fold_3_LSTM_original,0.5455758114717653,0.13153153153153152,0.044648318042813454,0.06666666666666667
SKAB_seed_999_fold_3_GRU_original,0.5375722543352601,0.12605042016806722,0.045871559633027525,0.06726457399103139
SKAB_seed_999_fold_3_CNN1D_original,0.5113383726100489,0.2690730106644791,0.20061162079510703,0.22985283812193413
SKAB_seed_999_fold_3_Automata_original,0.6382411725516323,0.32558139534883723,0.017510944340212633,0.03323442136498516
SKAB_seed_999_fold_3_LSTM_noisy,0.5711427301022677,0.2629032258064516,0.09969418960244648,0.14456762749445676
SKAB_seed_999_fold_3_GRU_noisy,0.5653623832814584,0.23154362416107382,0.08440366972477065,0.12371134020618557
SKAB_seed_999_fold_3_CNN1D_noisy,0.5646954201867497,0.35919790758500436,0.25198776758409785,0.29618979151689434
SKAB_seed_999_fold_3_Automata_noisy,0.608927381745503,0.11428571428571428,0.0150093808630394,0.026533996683250415
SKAB_seed_999_fold_3_Automata_unseen,0.6382411725516323,0.32558139534883723,0.017510944340212633,0.03323442136498516
SKAB_seed_999_fold_4_LSTM_original,0.6414667270258035,0.6146788990825688,0.08200734394124846,0.1447084233261339
SKAB_seed_999_fold_4_GRU_original,0.6582163875056587,0.8263157894736842,0.09608323133414932,0.17214912280701755
SKAB_seed_999_fold_4_CNN1D_original,0.6903576278859213,0.9182389937106918,0.17870257037943696,0.29918032786885246
SKAB_seed_999_fold_4_Automata_original,0.6323762152385259,0.325,0.016270337922403004,0.03098927294398093
SKAB_seed_999_fold_4_LSTM_noisy,0.6226799456767769,0.3987730061349693,0.0397796817625459,0.07234279354479689
SKAB_seed_999_fold_4_GRU_noisy,0.661611588954278,0.7836734693877551,0.1175030599755202,0.204364023416711
SKAB_seed_999_fold_4_CNN1D_noisy,0.695789950203712,0.8625,0.21113831089351284,0.3392330383480826
SKAB_seed_999_fold_4_Automata_noisy,0.6344110332353606,0.3492063492063492,0.01376720901126408,0.026490066225165563
SKAB_seed_999_fold_4_Automata_unseen,0.6323762152385259,0.325,0.016270337922403004,0.03098927294398093
SKAB_seed_999_fold_5_LSTM_original,0.6382086918155747,0.23333333333333334,0.013190954773869347,0.02497027348394768
SKAB_seed_999_fold_5_GRU_original,0.6366644606221046,0.23300970873786409,0.01507537688442211,0.02831858407079646
SKAB_seed_999_fold_5_CNN1D_original,0.6161482461945731,0.314070351758794,0.0785175879396985,0.12562814070351758
SKAB_seed_999_fold_5_Automata_original,0.6346408109299251,0.2838983050847458,0.043059125964010285,0.07477678571428571
SKAB_seed_999_fold_5_LSTM_noisy,0.6099713214206927,0.20068027210884354,0.03706030150753769,0.06256627783669141
SKAB_seed_999_fold_5_GRU_noisy,0.600044120891242,0.1833810888252149,0.04020100502512563,0.06594538897475528
SKAB_seed_999_fold_5_CNN1D_noisy,0.43657621883962056,0.2689721421709894,0.35175879396984927,0.30484485574305936
SKAB_seed_999_fold_5_Automata_noisy,0.5965182899955928,0.27569331158238175,0.10861182519280206,0.1558321807284463
SKAB_seed_999_fold_5_Automata_unseen,0.6346408109299251,0.2838983050847458,0.043059125964010285,0.07477678571428571
BATADAL_seed_42_LSTM_original,0.932285368802902,0.6458333333333334,0.9489795918367347,0.768595041322314
BATADAL_seed_42_GRU_original,0.9334945586457074,0.6503496503496503,0.9489795918367347,0.7717842323651453
BATADAL_seed_42_CNN1D_original,0.932285368802902,0.6458333333333334,0.9489795918367347,0.768595041322314
BATADAL_seed_42_Automata_original,0.8834134615384616,0.05263157894736842,0.0125,0.020202020202020204
BATADAL_seed_42_LSTM_noisy,0.9310761789600968,0.6413793103448275,0.9489795918367347,0.7654320987654321
BATADAL_seed_42_GRU_noisy,0.9334945586457074,0.6503496503496503,0.9489795918367347,0.7717842323651453
BATADAL_seed_42_CNN1D_noisy,0.9334945586457074,0.6503496503496503,0.9489795918367347,0.7717842323651453
BATADAL_seed_42_Automata_noisy,0.8822115384615384,0.15384615384615385,0.05,0.07547169811320754
BATADAL_seed_42_Automata_unseen,0.8834134615384616,0.05263157894736842,0.0125,0.020202020202020204
BATADAL_seed_123_LSTM_original,0.9286577992744861,0.6326530612244898,0.9489795918367347,0.7591836734693878
BATADAL_seed_123_GRU_original,0.9298669891172914,0.636986301369863,0.9489795918367347,0.7622950819672131
BATADAL_seed_123_CNN1D_original,0.9334945586457074,0.6503496503496503,0.9489795918367347,0.7717842323651453
BATADAL_seed_123_Automata_original,0.8834134615384616,0.05263157894736842,0.0125,0.020202020202020204
BATADAL_seed_123_LSTM_noisy,0.932285368802902,0.6458333333333334,0.9489795918367347,0.768595041322314
BATADAL_seed_123_GRU_noisy,0.9310761789600968,0.6413793103448275,0.9489795918367347,0.7654320987654321
BATADAL_seed_123_CNN1D_noisy,0.932285368802902,0.6458333333333334,0.9489795918367347,0.768595041322314
BATADAL_seed_123_Automata_noisy,0.8846153846153846,0.13636363636363635,0.0375,0.058823529411764705
BATADAL_seed_123_Automata_unseen,0.8834134615384616,0.05263157894736842,0.0125,0.020202020202020204
BATADAL_seed_2026_LSTM_original,0.9286577992744861,0.6326530612244898,0.9489795918367347,0.7591836734693878
BATADAL_seed_2026_GRU_original,0.932285368802902,0.6458333333333334,0.9489795918367347,0.768595041322314
BATADAL_seed_2026_CNN1D_original,0.9334945586457074,0.6503496503496503,0.9489795918367347,0.7717842323651453
BATADAL_seed_2026_Automata_original,0.8834134615384616,0.05263157894736842,0.0125,0.020202020202020204
BATADAL_seed_2026_LSTM_noisy,0.9262394195888755,0.6241610738255033,0.9489795918367347,0.7530364372469636
BATADAL_seed_2026_GRU_noisy,0.932285368802902,0.6458333333333334,0.9489795918367347,0.768595041322314
BATADAL_seed_2026_CNN1D_noisy,0.9334945586457074,0.6503496503496503,0.9489795918367347,0.7717842323651453
BATADAL_seed_2026_Automata_noisy,0.8786057692307693,0.043478260869565216,0.0125,0.019417475728155338
BATADAL_seed_2026_Automata_unseen,0.8834134615384616,0.05263157894736842,0.0125,0.020202020202020204
BATADAL_seed_7_LSTM_original,0.932285368802902,0.6458333333333334,0.9489795918367347,0.768595041322314
BATADAL_seed_7_GRU_original,0.9334945586457074,0.6503496503496503,0.9489795918367347,0.7717842323651453
BATADAL_seed_7_CNN1D_original,0.932285368802902,0.6458333333333334,0.9489795918367347,0.768595041322314
BATADAL_seed_7_Automata_original,0.8834134615384616,0.05263157894736842,0.0125,0.020202020202020204
BATADAL_seed_7_LSTM_noisy,0.932285368802902,0.6458333333333334,0.9489795918367347,0.768595041322314
BATADAL_seed_7_GRU_noisy,0.9238210399032648,0.6158940397350994,0.9489795918367347,0.7469879518072289
BATADAL_seed_7_CNN1D_noisy,0.932285368802902,0.6458333333333334,0.9489795918367347,0.768595041322314
BATADAL_seed_7_Automata_noisy,0.8846153846153846,0.16666666666666666,0.05,0.07692307692307693
BATADAL_seed_7_Automata_unseen,0.8834134615384616,0.05263157894736842,0.0125,0.020202020202020204
BATADAL_seed_999_LSTM_original,0.9310761789600968,0.6413793103448275,0.9489795918367347,0.7654320987654321
BATADAL_seed_999_GRU_original,0.9310761789600968,0.6413793103448275,0.9489795918367347,0.7654320987654321
BATADAL_seed_999_CNN1D_original,0.932285368802902,0.6458333333333334,0.9489795918367347,0.768595041322314
BATADAL_seed_999_Automata_original,0.8834134615384616,0.05263157894736842,0.0125,0.020202020202020204
BATADAL_seed_999_LSTM_noisy,0.9274486094316807,0.6283783783783784,0.9489795918367347,0.7560975609756098
BATADAL_seed_999_GRU_noisy,0.9189842805320435,0.6,0.9489795918367347,0.7351778656126482
BATADAL_seed_999_CNN1D_noisy,0.939540507859734,0.6739130434782609,0.9489795918367347,0.788135593220339
BATADAL_seed_999_Automata_noisy,0.8882211538461539,0.15789473684210525,0.0375,0.06060606060606061
BATADAL_seed_999_Automata_unseen,0.8834134615384616,0.05263157894736842,0.0125,0.020202020202020204
