Dataset,Seed,Scenario,Model,Training_Time_sec,Inference_Time_sec,Fold
SKAB,42,original,LSTM,120.4168,1.2205,1.0
SKAB,42,original,GRU,76.7313,0.3091,1.0
SKAB,42,original,CNN1D,23.0079,0.1955,1.0
SKAB,42,original,Automata,0.0153,0.1993,1.0
SKAB,42,noisy,LSTM,43.421,0.3189,1.0
SKAB,42,noisy,GRU,113.5543,0.3029,1.0
SKAB,42,noisy,CNN1D,25.1851,0.1873,1.0
SKAB,42,noisy,Automata,0.0152,0.0171,1.0
SKAB,42,unseen,Automata,0.0164,0.2544,1.0
SKAB,42,original,LSTM,101.7907,0.3841,2.0
SKAB,42,original,GRU,101.3913,0.3126,2.0
SKAB,42,original,CNN1D,11.7593,0.1765,2.0
SKAB,42,original,Automata,0.0165,0.019,2.0
SKAB,42,noisy,LSTM,61.2524,0.3853,2.0
SKAB,42,noisy,GRU,85.3977,0.3087,2.0
SKAB,42,noisy,CNN1D,29.1699,0.1954,2.0
SKAB,42,noisy,Automata,0.016,0.0158,2.0
SKAB,42,unseen,Automata,0.0156,0.0173,2.0
SKAB,42,original,LSTM,42.7536,0.303,3.0
SKAB,42,original,GRU,69.8895,0.2998,3.0
SKAB,42,original,CNN1D,21.7656,0.1942,3.0
SKAB,42,original,Automata,0.0157,0.0293,3.0
SKAB,42,noisy,LSTM,46.0216,0.3066,3.0
SKAB,42,noisy,GRU,53.7619,0.3031,3.0
SKAB,42,noisy,CNN1D,17.5039,0.1771,3.0
SKAB,42,noisy,Automata,0.015,0.0275,3.0
SKAB,42,unseen,Automata,0.0156,0.0286,3.0
SKAB,42,original,LSTM,64.9523,0.3203,4.0
SKAB,42,original,GRU,111.0861,0.3186,4.0
SKAB,42,original,CNN1D,34.5984,0.1731,4.0
SKAB,42,original,Automata,0.0155,0.0158,4.0
SKAB,42,noisy,LSTM,35.1494,0.3385,4.0
SKAB,42,noisy,GRU,150.1736,0.3019,4.0
SKAB,42,noisy,CNN1D,33.3234,0.1993,4.0
SKAB,42,noisy,Automata,0.0289,0.0196,4.0
SKAB,42,unseen,Automata,0.0154,0.0167,4.0
SKAB,42,original,LSTM,85.4857,0.4093,5.0
SKAB,42,original,GRU,76.4395,0.2993,5.0
SKAB,42,original,CNN1D,24.5017,0.1888,5.0
SKAB,42,original,Automata,0.0166,0.0256,5.0
SKAB,42,noisy,LSTM,35.2688,0.3281,5.0
SKAB,42,noisy,GRU,101.7614,0.3073,5.0
SKAB,42,noisy,CNN1D,17.7271,0.1973,5.0
SKAB,42,noisy,Automata,0.0161,0.1342,5.0
SKAB,42,unseen,Automata,0.0164,0.0232,5.0
SKAB,123,original,LSTM,53.2146,0.3582,1.0
SKAB,123,original,GRU,56.5094,0.2979,1.0
SKAB,123,original,CNN1D,48.38,0.2291,1.0
SKAB,123,original,Automata,0.0156,0.0169,1.0
SKAB,123,noisy,LSTM,46.2752,0.3152,1.0
SKAB,123,noisy,GRU,60.3689,0.3221,1.0
SKAB,123,noisy,CNN1D,28.0822,0.1745,1.0
SKAB,123,noisy,Automata,0.0165,0.015,1.0
SKAB,123,unseen,Automata,0.015,0.0181,1.0
SKAB,123,original,LSTM,80.1994,0.4492,2.0
SKAB,123,original,GRU,75.6414,0.3185,2.0
SKAB,123,original,CNN1D,29.5292,0.1963,2.0
SKAB,123,original,Automata,0.0154,0.0179,2.0
SKAB,123,noisy,LSTM,82.0468,0.4389,2.0
SKAB,123,noisy,GRU,93.0369,0.3155,2.0
SKAB,123,noisy,CNN1D,29.4756,0.1855,2.0
SKAB,123,noisy,Automata,0.0149,0.0156,2.0
SKAB,123,unseen,Automata,0.0156,0.0196,2.0
SKAB,123,original,LSTM,57.8838,0.4313,3.0
SKAB,123,original,GRU,64.4399,0.3181,3.0
SKAB,123,original,CNN1D,15.1688,0.185,3.0
SKAB,123,original,Automata,0.0168,0.0293,3.0
SKAB,123,noisy,LSTM,28.5146,0.3396,3.0
SKAB,123,noisy,GRU,64.5874,0.5433,3.0
SKAB,123,noisy,CNN1D,27.9628,0.1992,3.0
SKAB,123,noisy,Automata,0.0159,0.0165,3.0
SKAB,123,unseen,Automata,0.0156,0.0316,3.0
SKAB,123,original,LSTM,58.7516,0.3243,4.0
SKAB,123,original,GRU,35.5655,0.3122,4.0
SKAB,123,original,CNN1D,15.7859,0.198,4.0
SKAB,123,original,Automata,0.0157,0.0194,4.0
SKAB,123,noisy,LSTM,44.7528,0.337,4.0
SKAB,123,noisy,GRU,42.16,0.4121,4.0
SKAB,123,noisy,CNN1D,40.4039,0.1952,4.0
SKAB,123,noisy,Automata,0.0172,0.0175,4.0
SKAB,123,unseen,Automata,0.0159,1.2057,4.0
SKAB,123,original,LSTM,114.4831,0.3537,5.0
SKAB,123,original,GRU,163.7458,0.3444,5.0
SKAB,123,original,CNN1D,17.9246,0.2141,5.0
SKAB,123,original,Automata,0.0179,0.0244,5.0
SKAB,123,noisy,LSTM,46.6906,0.3395,5.0
SKAB,123,noisy,GRU,134.2727,0.3901,5.0
SKAB,123,noisy,CNN1D,31.1915,0.1852,5.0
SKAB,123,noisy,Automata,0.0168,0.12,5.0
SKAB,123,unseen,Automata,0.0173,0.0267,5.0
SKAB,2026,original,LSTM,60.8253,0.3607,1.0
SKAB,2026,original,GRU,38.4787,0.2993,1.0
SKAB,2026,original,CNN1D,21.2022,0.1945,1.0
SKAB,2026,original,Automata,0.0155,1.3742,1.0
SKAB,2026,noisy,LSTM,62.9818,0.4436,1.0
SKAB,2026,noisy,GRU,63.8115,0.3938,1.0
SKAB,2026,noisy,CNN1D,27.7659,0.1851,1.0
SKAB,2026,noisy,Automata,0.0156,0.0197,1.0
SKAB,2026,unseen,Automata,0.0161,0.0225,1.0
SKAB,2026,original,LSTM,65.1143,0.4775,2.0
SKAB,2026,original,GRU,92.5989,0.3013,2.0
SKAB,2026,original,CNN1D,35.2214,0.1793,2.0
SKAB,2026,original,Automata,0.0156,0.0188,2.0
SKAB,2026,noisy,LSTM,41.4957,0.3272,2.0
SKAB,2026,noisy,GRU,42.5422,0.314,2.0
SKAB,2026,noisy,CNN1D,21.6736,0.1869,2.0
SKAB,2026,noisy,Automata,0.0153,0.0181,2.0
SKAB,2026,unseen,Automata,0.0157,0.0186,2.0
SKAB,2026,original,LSTM,45.2712,0.4893,3.0
SKAB,2026,original,GRU,85.4971,0.3167,3.0
SKAB,2026,original,CNN1D,30.0201,0.1953,3.0
SKAB,2026,original,Automata,0.0156,0.0295,3.0
SKAB,2026,noisy,LSTM,40.9677,0.3266,3.0
SKAB,2026,noisy,GRU,51.02,0.3317,3.0
SKAB,2026,noisy,CNN1D,24.3477,0.1778,3.0
SKAB,2026,noisy,Automata,0.0153,0.0201,3.0
SKAB,2026,unseen,Automata,0.0155,0.0292,3.0
SKAB,2026,original,LSTM,56.454,0.3542,4.0
SKAB,2026,original,GRU,103.6584,0.304,4.0
SKAB,2026,original,CNN1D,21.5252,0.1976,4.0
SKAB,2026,original,Automata,0.0155,0.0183,4.0
SKAB,2026,noisy,LSTM,64.2721,0.3552,4.0
SKAB,2026,noisy,GRU,48.7128,0.3083,4.0
SKAB,2026,noisy,CNN1D,14.1803,0.2038,4.0
SKAB,2026,noisy,Automata,0.0152,0.0152,4.0
SKAB,2026,unseen,Automata,0.0155,0.0173,4.0
SKAB,2026,original,LSTM,60.8307,0.3303,5.0
SKAB,2026,original,GRU,49.4663,0.3646,5.0
SKAB,2026,original,CNN1D,14.8791,0.1842,5.0
SKAB,2026,original,Automata,0.0169,0.0235,5.0
SKAB,2026,noisy,LSTM,63.619,0.3247,5.0
SKAB,2026,noisy,GRU,100.3059,0.3083,5.0
SKAB,2026,noisy,CNN1D,21.2321,0.2061,5.0
SKAB,2026,noisy,Automata,0.0166,0.15,5.0
SKAB,2026,unseen,Automata,0.0165,0.0247,5.0
SKAB,7,original,LSTM,144.0234,0.3811,1.0
SKAB,7,original,GRU,84.0578,0.3007,1.0
SKAB,7,original,CNN1D,33.4286,0.1796,1.0
SKAB,7,original,Automata,0.0153,0.0165,1.0
SKAB,7,noisy,LSTM,40.3871,0.3426,1.0
SKAB,7,noisy,GRU,57.0845,0.4455,1.0
SKAB,7,noisy,CNN1D,23.3623,0.1927,1.0
SKAB,7,noisy,Automata,0.0153,0.0158,1.0
SKAB,7,unseen,Automata,0.0149,0.0176,1.0
SKAB,7,original,LSTM,68.0429,0.3487,2.0
SKAB,7,original,GRU,85.3604,0.4038,2.0
SKAB,7,original,CNN1D,19.1021,0.2016,2.0
SKAB,7,original,Automata,0.0172,0.0191,2.0
SKAB,7,noisy,LSTM,59.101,0.335,2.0
SKAB,7,noisy,GRU,39.3616,0.2965,2.0
SKAB,7,noisy,CNN1D,27.849,0.1946,2.0
SKAB,7,noisy,Automata,0.015,0.0155,2.0
SKAB,7,unseen,Automata,0.0154,0.0193,2.0
SKAB,7,original,LSTM,59.8282,0.3215,3.0
SKAB,7,original,GRU,101.5531,0.3086,3.0
SKAB,7,original,CNN1D,29.3625,0.1888,3.0
SKAB,7,original,Automata,0.0151,0.0306,3.0
SKAB,7,noisy,LSTM,67.421,0.3213,3.0
SKAB,7,noisy,GRU,57.5789,0.7014,3.0
SKAB,7,noisy,CNN1D,8.2319,0.2014,3.0
SKAB,7,noisy,Automata,0.0149,0.0173,3.0
SKAB,7,unseen,Automata,0.016,0.0322,3.0
SKAB,7,original,LSTM,45.9471,0.317,4.0
SKAB,7,original,GRU,118.1711,0.3301,4.0
SKAB,7,original,CNN1D,31.6998,0.2265,4.0
SKAB,7,original,Automata,0.0161,0.0161,4.0
SKAB,7,noisy,LSTM,30.4193,0.3625,4.0
SKAB,7,noisy,GRU,103.1919,0.3169,4.0
SKAB,7,noisy,CNN1D,38.1938,0.2268,4.0
SKAB,7,noisy,Automata,0.0156,0.0149,4.0
SKAB,7,unseen,Automata,0.0176,0.0162,4.0
SKAB,7,original,LSTM,102.1977,0.4618,5.0
SKAB,7,original,GRU,43.9356,0.3344,5.0
SKAB,7,original,CNN1D,30.492,0.186,5.0
SKAB,7,original,Automata,0.0171,0.0303,5.0
SKAB,7,noisy,LSTM,113.2186,0.324,5.0
SKAB,7,noisy,GRU,74.5186,0.3599,5.0
SKAB,7,noisy,CNN1D,31.7269,0.185,5.0
SKAB,7,noisy,Automata,0.0173,0.1069,5.0
SKAB,7,unseen,Automata,0.0163,0.0249,5.0
SKAB,999,original,LSTM,36.3541,0.3179,1.0
SKAB,999,original,GRU,67.4833,0.3094,1.0
SKAB,999,original,CNN1D,28.5924,0.1964,1.0
SKAB,999,original,Automata,0.0157,0.0169,1.0
SKAB,999,noisy,LSTM,52.0191,0.3714,1.0
SKAB,999,noisy,GRU,45.4696,0.3138,1.0
SKAB,999,noisy,CNN1D,47.6382,0.1837,1.0
SKAB,999,noisy,Automata,0.028,0.0236,1.0
SKAB,999,unseen,Automata,0.0154,0.0185,1.0
SKAB,999,original,LSTM,25.4424,0.3123,2.0
SKAB,999,original,GRU,51.8006,0.3209,2.0
SKAB,999,original,CNN1D,30.2691,0.2157,2.0
SKAB,999,original,Automata,0.0161,0.0217,2.0
SKAB,999,noisy,LSTM,59.6597,0.353,2.0
SKAB,999,noisy,GRU,40.9009,0.3237,2.0
SKAB,999,noisy,CNN1D,40.2152,0.1998,2.0
SKAB,999,noisy,Automata,0.0163,0.0156,2.0
SKAB,999,unseen,Automata,0.0162,0.0197,2.0
SKAB,999,original,LSTM,45.3362,0.3336,3.0
SKAB,999,original,GRU,34.5004,0.3069,3.0
SKAB,999,original,CNN1D,31.998,0.1893,3.0
SKAB,999,original,Automata,0.0153,0.0291,3.0
SKAB,999,noisy,LSTM,30.1655,0.3644,3.0
SKAB,999,noisy,GRU,40.8773,0.3104,3.0
SKAB,999,noisy,CNN1D,23.0151,0.1819,3.0
SKAB,999,noisy,Automata,0.0165,0.0254,3.0
SKAB,999,unseen,Automata,0.0159,0.0331,3.0
SKAB,999,original,LSTM,62.4379,0.3685,4.0
SKAB,999,original,GRU,86.6353,0.321,4.0
SKAB,999,original,CNN1D,34.2891,0.1796,4.0
SKAB,999,original,Automata,0.0174,0.016,4.0
SKAB,999,noisy,LSTM,54.3288,0.3124,4.0
SKAB,999,noisy,GRU,166.6785,0.3382,4.0
SKAB,999,noisy,CNN1D,25.0319,0.1788,4.0
SKAB,999,noisy,Automata,0.015,0.014,4.0
SKAB,999,unseen,Automata,0.0159,0.0184,4.0
SKAB,999,original,LSTM,65.1058,0.3296,5.0
SKAB,999,original,GRU,60.3782,0.313,5.0
SKAB,999,original,CNN1D,24.9867,0.2124,5.0
SKAB,999,original,Automata,0.0184,0.0288,5.0
SKAB,999,noisy,LSTM,70.9703,0.3769,5.0
SKAB,999,noisy,GRU,154.662,0.3273,5.0
SKAB,999,noisy,CNN1D,18.2675,0.1906,5.0
SKAB,999,noisy,Automata,0.0171,0.1402,5.0
SKAB,999,unseen,Automata,0.0171,0.0257,5.0
BATADAL,42,original,LSTM,15.1048,0.1077,
BATADAL,42,original,GRU,20.9992,0.1085,
BATADAL,42,original,CNN1D,13.2849,0.0789,
BATADAL,42,original,Automata,0.003,0.0067,
BATADAL,42,noisy,LSTM,30.5676,0.1053,
BATADAL,42,noisy,GRU,26.6523,0.0986,
BATADAL,42,noisy,CNN1D,8.6431,0.0757,
BATADAL,42,noisy,Automata,0.0031,0.0039,
BATADAL,42,unseen,Automata,0.0033,0.0036,
BATADAL,123,original,LSTM,21.9545,0.0958,
BATADAL,123,original,GRU,21.2878,0.1019,
BATADAL,123,original,CNN1D,10.6895,0.1061,
BATADAL,123,original,Automata,0.003,0.0082,
BATADAL,123,noisy,LSTM,29.8336,0.0999,
BATADAL,123,noisy,GRU,33.9971,0.0983,
BATADAL,123,noisy,CNN1D,13.0427,0.1076,
BATADAL,123,noisy,Automata,0.003,0.0044,
BATADAL,123,unseen,Automata,0.0031,0.0035,
BATADAL,2026,original,LSTM,24.0035,0.1029,
BATADAL,2026,original,GRU,25.5062,0.1119,
BATADAL,2026,original,CNN1D,13.6527,0.0825,
BATADAL,2026,original,Automata,0.0031,0.0034,
BATADAL,2026,noisy,LSTM,23.0153,0.0973,
BATADAL,2026,noisy,GRU,30.5411,0.1014,
BATADAL,2026,noisy,CNN1D,15.0179,0.0819,
BATADAL,2026,noisy,Automata,0.0031,0.0035,
BATADAL,2026,unseen,Automata,0.003,0.004,
BATADAL,7,original,LSTM,25.4615,0.1011,
BATADAL,7,original,GRU,33.4055,0.1097,
BATADAL,7,original,CNN1D,13.7788,0.0745,
BATADAL,7,original,Automata,0.0032,0.0041,
BATADAL,7,noisy,LSTM,27.8799,0.1027,
BATADAL,7,noisy,GRU,32.8104,0.1723,
BATADAL,7,noisy,CNN1D,10.0733,0.102,
BATADAL,7,noisy,Automata,0.0033,0.004,
BATADAL,7,unseen,Automata,0.0035,0.0035,
BATADAL,999,original,LSTM,30.9018,0.1005,
BATADAL,999,original,GRU,34.4498,0.099,
BATADAL,999,original,CNN1D,11.9575,0.0855,
BATADAL,999,original,Automata,0.0039,0.0145,
BATADAL,999,noisy,LSTM,30.01,0.1078,
BATADAL,999,noisy,GRU,25.3746,0.1026,
BATADAL,999,noisy,CNN1D,14.2219,0.0754,
BATADAL,999,noisy,Automata,0.0032,0.0034,
BATADAL,999,unseen,Automata,0.0031,0.0032,
